name,num,,Name,Reddit %,All Players %
de Gea,45.9,,Bellerin,14.7,30.8
Agero,45.7,,Payet,15.8,28.8
Ibrahimovic,42.3,,Alderweireld,12.2,24.8
Stones,35.3,,Kane,15.8,19.8
Bellern,31,,Walker,13.5,19
Mahrez,30.5,,Cech,8.3,18.3
Payet,29,,Dier,7.9,16.3
Morgan,27.4,,Coutinho,5.5,15.9
Vardy,27.3,,Azpilicueta,9.5,12.9
Kant,26.8,,Pogba,3.1,10.8
Alderweireld,24.9,,,,
Kane,19.9,,,,
Shaw,19.6,,,,
Paredes,18.8,,,,
Walker,18.7,,,,
Hazard,18.6,,,,
Cech,18.4,,,,
Dier,16.5,,,,
Fletcher,16.1,,,,
Man,15.8,,,,
Long,15.2,,,,
Jakupovic,15.1,,,,
Coutinho,15,,,,
van Dijk,14.6,,,,
Schmeichel,14.4,,,,
Alli,13.2,,,,
Fuchs,13.1,,,,
Azpilicueta,13,,,,
Musa,12.9,,,,
Eriksen,12.7,,,,
Bailly,12.4,,,,
Negredo,11.8,,,,
Firmino,11.3,,,,
Drinkwater,10.9,,,,
Willian,10.8,,,,
Pogba,10.7,,,,
Amat,10.2,,,,
Ighalo,10,,,,
Snchez,9.8,,,,
Clyne,9.7,,,,
Ayew,9.7,,,,
Lamela,9.6,,,,
Pickford,9.6,,,,
McAuley,9.6,,,,
Barkley,9.3,,,,
Shaqiri,9.3,,,,
Williams,9,,,,
Courtois,8.9,,,,
Sigurdsson,8.9,,,,
Carroll,8.7,,,,
Lloris,8.7,,,,
Evans,8.6,,,,
Baines,8.4,,,,
Lukaku,8.4,,,,
Dann,8.4,,,,
Mkhitaryan,8.4,,,,
Valds,8.2,,,,
Sagna,8,,,,
Redmond,7.9,,,,
Rose,7.6,,,,
Xhaka,7.5,,,,
F bregas,7.4,,,,
Townsend,7.1,,,,
Martial,7.1,,,,
Monreal,7,,,,
Costa,7,,,,
Ivanovic,6.9,,,,
Origi,6.8,,,,
Foster,6.7,,,,
Cahill,6.4,,,,
van Aanholt,6.4,,,,
Friend,6.4,,,,
Hart,6.2,,,,
Boruc,6.1,,,,
Silva,6.1,,,,
Kolarov,6,,,,
Tadic,6,,,,
Pieters,5.9,,,,
De Bruyne,5.9,,,,
Rooney,5.8,,,,
zil,5.7,,,,
Moreno,5.7,,,,
Fonte,5.6,,,,
Forster,5.5,,,,
Ibe,5.4,,,,
Ramsey,5.4,,,,
Hennessey,5.3,,,,
Smith,5.2,,,,
Butland,5.2,,,,
Deeney,5.1,,,,
Bolasie,5.1,,,,
Lallana,5.1,,,,
Daniels,5,,,,
Rashford,5,,,,
Defoe,4.9,,,,
Mandanda,4.9,,,,
Noble,4.8,,,,
Feghouli,4.8,,,,
Antonio,4.8,,,,
Heaton,4.6,,,,
Grabban,4.6,,,,
Terry,4.6,,,,
Cabaye,4.5,,,,
Wijnaldum,4.4,,,,
Koscielny,4.3,,,,
Deulofeu,4.3,,,,
Gomes,3.5,,,,
Robinson,3.5,,,,
Kingsley,3.4,,,,
Hjbjerg,3.4,,,,
Lovren,3.4,,,,
Coleman,3.3,,,,
Otamendi,3.3,,,,
Nordfeldt,3.3,,,,
Dawson,3.2,,,,
Adrin,3.1,,,,
Funes Mori,3,,,,
Simpson,3,,,,
Fernndez,2.9,,,,
Kouyat,2.9,,,,
Llorente,2.9,,,,
Valencia,2.9,,,,
Kon,2.8,,,,
Pope,2.7,,,,
Blind,2.7,,,,
Capoue,2.7,,,,
Batshuayi,2.7,,,,
Vertonghen,2.6,,,,
Benteke,2.6,,,,
Bojan,2.5,,,,
Matic,2.5,,,,
Fry,2.5,,,,
Rondn,2.5,,,,
Borini,2.4,,,,
Fernandinho,2.3,,,,
Janssen,2.3,,,,
Zaha,2.3,,,,
Okazaki,2.3,,,,
Cuadrado,2.3,,,,
Arnautovic,2.3,,,,
Shawcross,2.3,,,,
Reid,2.3,,,,
Coquelin,2.3,,,,
Albrighton,2.3,,,,
Fabianski,2.2,,,,
Darmian,2.2,,,,
Chambers,2.2,,,,
Matip,2.1,,,,
Yaya Tour,2.1,,,,
Barry,2.1,,,,
Mignolet,2.1,,,,
Watson,2.1,,,,
Ak,2.1,,,,
Can,2,,,,
Diomande,2,,,,
Iheanacho,2,,,,
Allen,1.9,,,,
Austin,1.9,,,,
Zabaleta,1.8,,,,
Mata,1.8,,,,
Walcott,1.7,,,,
Smalling,1.6,,,,
Iwobi,1.6,,,,
Wollscheid,1.6,,,,
Giroud,1.6,,,,
Oscar,1.6,,,,
Davis,1.6,,,,
Wanyama,1.6,,,,
Clichy,1.6,,,,
Francis,1.5,,,,
Fischer,1.5,,,,
Tarkowski,1.5,,,,
Ogbonna,1.5,,,,
Jagielka,1.5,,,,
Lenihan,1.5,,,,
Nolito,1.5,,,,
Myhill,1.5,,,,
Teixeira,1.4,,,,
Berahino,1.4,,,,
Chamberlain,1.4,,,,
Wickham,1.4,,,,
Sterling,1.4,,,,
Cazorla,1.4,,,,
Downing,1.4,,,,
Gamboa,1.4,,,,
Rhodes,1.3,,,,
Ward,1.3,,,,
Ramrez,1.3,,,,
Delaney,1.3,,,,
Taylor,1.3,,,,
Mannone,1.3,,,,
Wasilewski,1.3,,,,
Robertson,1.2,,,,
Naughton,1.2,,,,
Souar,1.2,,,,
Stekelenburg,1.2,,,,
Klavan,1.2,,,,
Carrick,1.2,,,,
Snodgrass,1.2,,,,
Cdric,1.2,,,,
Sturridge,1.2,,,,
Puncheon,1.2,,,,
Lingard,1.2,,,,
Mendy,1.2,,,,
Nyom,1.1,,,,
Holding,1.1,,,,
Keane,1.1,,,,
Huth,1.1,,,,
Whelan,1.1,,,,
Grujic,1,,,,
Vydra,1,,,,
Bony,1,,,,
Henderson,1,,,,
Browning,1,,,,
Fer,1,,,,
Olsson,1,,,,
Navas,1,,,,
Milner,0.9,,,,
Collins,0.9,,,,
Crouch,0.9,,,,
Jedinak,0.9,,,,
Bertrand,0.9,,,,
Nugent,0.9,,,,
Januzaj,0.9,,,,
Targett,0.9,,,,
Mirallas,0.9,,,,
Guzan,0.9,,,,
Lafferty,0.9,,,,
Randall,0.8,,,,
Mangala,0.8,,,,
Pantilimon,0.8,,,,
Ings,0.8,,,,
Pocognoli,0.8,,,,
San,0.8,,,,
Elneny,0.8,,,,
Ledley,0.8,,,,
Zuiga,0.8,,,,
Afobe,0.8,,,,
Gibbs,0.8,,,,
Kaboul,0.8,,,,
Oxford,0.8,,,,
Randolph,0.8,,,,
Barrow,0.8,,,,
Gray,0.8,,,,
Sobhi,0.8,,,,
Byram,0.8,,,,
Routledge,0.7,,,,
Gndogan,0.7,,,,
Rodwell,0.7,,,,
O'Shea,0.7,,,,
Hernndez,0.7,,,,
Rojo,0.7,,,,
Mee,0.7,,,,
Pedro,0.7,,,,
Diouf,0.7,,,,
Gibson,0.6,,,,
Cathcart,0.6,,,,
Clayton,0.6,,,,
Schlupp,0.6,,,,
Flanagan,0.6,,,,
Yedlin,0.6,,,,
Love,0.6,,,,
Kompany,0.6,,,,
Nsue,0.6,,,,
Campbell,0.6,,,,
Emnes,0.6,,,,
Rodriguez,0.6,,,,
Hoban,0.6,,,,
Rangel,0.5,,,,
Lennon,0.5,,,,
Khazri,0.5,,,,
Barragn,0.5,,,,
Yoshida,0.5,,,,
McNair,0.5,,,,
Cook,0.5,,,,
Jutkiewicz,0.5,,,,
Schneiderlin,0.5,,,,
Rantie,0.5,,,,
Sinclair,0.5,,,,
Nasri,0.5,,,,
Leko,0.5,,,,
Vokes,0.5,,,,
Gradel,0.5,,,,
Elmohamady,0.5,,,,
Debuchy,0.4,,,,
McCarthy,0.4,,,,
Kelly,0.4,,,,
Balotelli,0.4,,,,
Stephens,0.4,,,,
Cresswell,0.4,,,,
Speroni,0.4,,,,
Obiang,0.4,,,,
King,0.4,,,,
Lowton,0.4,,,,
Given,0.4,,,,
Chadli,0.4,,,,
Gudmundsson,0.4,,,,
Ward-Prowse,0.4,,,,
Herrera,0.4,,,,
Cameron,0.4,,,,
Imbula,0.4,,,,
Fernando,0.4,,,,
Remy,0.3,,,,
Boyd,0.3,,,,
Akpom,0.3,,,,
Karius,0.3,,,,
O'Kane,0.3,,,,
Cleverley,0.3,,,,
Chilwell,0.3,,,,
Zieler,0.3,,,,
Phillips,0.3,,,,
Huddlestone,0.3,,,,
Begovic,0.3,,,,
Schweinsteiger,0.3,,,,
Galloway,0.3,,,,
Adomah,0.3,,,,
Ulloa,0.3,,,,
van der Hoorn,0.3,,,,
Caballero,0.3,,,,
Fellaini,0.3,,,,
Depay,0.3,,,,
Konstantopoulos,0.3,,,,
Djilobodji,0.3,,,,
Johnson,0.3,,,,
Gueye,0.3,,,,
Lambert,0.3,,,,
Walters,0.3,,,,
Gosling,0.3,,,,
Benalouane,0.3,,,,
Fosu-Mensah,0.3,,,,
Surman,0.3,,,,
Zouma,0.3,,,,
Meyler,0.3,,,,
Surez,0.3,,,,
Haugaard,0.2,,,,
McClean,0.2,,,,
Ayala,0.2,,,,
Bruce,0.2,,,,
Bentaleb,0.2,,,,
Dyer,0.2,,,,
Holebas,0.2,,,,
Ospina,0.2,,,,
Nordtveit,0.2,,,,
Montero,0.2,,,,
Oriol Romeu,0.2,,,,
Cullen,0.2,,,,
de Laet,0.2,,,,
Stuani,0.2,,,,
de Roon,0.2,,,,
Sakho,0.2,,,,
Behrami,0.2,,,,
Mertesacker,0.2,,,,
Kightly,0.2,,,,
Sanogo,0.2,,,,
Maloney,0.2,,,,
Arter,0.2,,,,
Prdl,0.2,,,,
Marney,0.2,,,,
Martina,0.2,,,,
Joselu,0.2,,,,
Cattermole,0.2,,,,
Delph,0.2,,,,
Wimmer,0.2,,,,
Kapustka,0.2,,,,
Asano,0.2,,,,
Masuaku,0.2,,,,
Inler,0.2,,,,
Trippier,0.2,,,,
Anya,0.2,,,,
Loftus-Cheek,0.2,,,,
Vorm,0.2,,,,
McManaman,0.2,,,,
Gabriel,0.2,,,,
MacDonald,0.2,,,,
Aina,0.2,,,,
Bardsley,0.2,,,,
Chester,0.2,,,,
Oviedo,0.2,,,,
Wilshere,0.2,,,,
Yacob,0.2,,,,
Muniesa,0.2,,,,
Dembl,0.2,,,,
Mutch,0.1,,,,
Moses,0.1,,,,
Angelino,0.1,,,,
Dja Djdj,0.1,,,,
Holgate,0.1,,,,
Federici,0.1,,,,
Kirchhoff,0.1,,,,
Reed,0.1,,,,
Tabanou,0.1,,,,
Arfield,0.1,,,,
Mikel,0.1,,,,
Cork,0.1,,,,
Lens,0.1,,,,
Denayer,0.1,,,,
Watmore,0.1,,,,
Livermore,0.1,,,,
Bastn,0.1,,,,
Gardner,0.1,,,,
Lucas,0.1,,,,
Robles,0.1,,,,
Forshaw,0.1,,,,
Carter-Vickers,0.1,,,,
Barnes,0.1,,,,
Amartey,0.1,,,,
Markovic,0.1,,,,
Britos,0.1,,,,
Tomkins,0.1,,,,
Niasse,0.1,,,,
Borthwick-Jackson,0.1,,,,
Gomis,0.1,,,,
Matthews,0.1,,,,
Success,0.1,,,,
Zinchenko,0.1,,,,
Romero,0.1,,,,
Lee Chung-yong,0.1,,,,
Lanzini,0.1,,,,
Clasie,0.1,,,,
Pennington,0.1,,,,
Pereira,0.1,,,,
Kaikai,0.1,,,,
Morrison,0.1,,,,
Ki Sung-yueng,0.1,,,,
De Pena,0.1,,,,
Welbeck,0.1,,,,
Pugh,0.1,,,,
Clucas,0.1,,,,
Traore,0.1,,,,
Britton,0.1,,,,
Adam,0.1,,,,
Kabasele,0.1,,,,
Onomah,0.1,,,,
Mousset,0.1,,,,
Tre,0.1,,,,
Miazga,0.1,,,,
Mason,0.1,,,,
Ulvestad,0.1,,,,
Young,0.1,,,,
N'Jie,0.1,,,,
Amrabat,0.1,,,,
de Sart,0.1,,,,
Gardos,0.1,,,,
Hennings,0.1,,,,
Darikwa,0.1,,,,
Reach,0.1,,,,
Stewart,0.1,,,,
Pied,0.1,,,,
Jenkinson,0,,,,
Gazzaniga,0,,,,
Kuciak,0,,,,
Luer,0,,,,
Clackstone,0,,,,
Olley,0,,,,
Baptiste,0,,,,
Chirivella,0,,,,
Brunt,0,,,,
Wilson,0,,,,
Pritchard,0,,,,
Berghuis,0,,,,
Mings,0,,,,
Asoro,0,,,,
Odubajo,0,,,,
Afellay,0,,,,
Field,0,,,,
Bernardo,0,,,,
Gudioura,0,,,,
Jones,0,,,,
McArthur,0,,,,
Varela,0,,,,
Sheyi Ojo,0,,,,
Besic,0,,,,
Abdi,0,,,,
Alexander-Arnold,0,,,,
Tyom,0,,,,
Anderson,0,,,,
Stanislas,0,,,,
Doucour,0,,,,
Fulton,0,,,,
Ireland,0,,,,
Kenedy,0,,,,
Leadbitter,0,,,,
Oular,0,,,,
Davies,0,,,,
Sako,0,,,,
Gooch,0,,,,
Gnabry,0,,,,
Winks,0,,,,
Maguire,0,,,,
Son,0,,,,
Diam,0,,,,
Van Ginkel,0,,,,
Baba Rahman,0,,,,
Gomez,0,,,,
Larsson,0,,,,
Bowen,0,,,,
Manninger,0,,,,
McGregor,0,,,,
Brannagan,0,,,,
Hyndman,0,,,,
Ladapo,0,,,,